ID,Nombre,Teléfono,Email,Estudios
18,Scot Yarker,115-448-5039,syarkerh@patch.com,Licenciatura en Psicología o RRHH
39,Cullan Gidney,598-585-7094,cgidney12@nba.com,Licenciatura en Derecho o afines
34,Gav Newport,366-787-4312,gnewportx@reverbnation.com,Licenciatura en Seguridad Informática o afines
62,Curt Clackson,270-891-1809,cclackson9@fotki.com,Ingeniería en Sistemas o Telecomunicaciones
21,Maridel Nears,611-111-0792,mnearsk@senate.gov,Licenciatura en Comunicación o Marketing
27,Dennie Kerins,559-876-0117,dkerinsq@altervista.org,Licenciatura en Comunicación o Eventos
31,Gerome Korf,756-178-3884,gkorfu@illinois.edu,Ingeniería en Sistemas o afines
36,Rhiamon Jagiello,507-134-5309,rjagielloz@gravatar.com,Ingeniería en Sistemas o Telecomunicaciones
5,Arluene Rizzo,109-753-7514,arizzo4@hubpages.com,Licenciatura en Administración o Ingeniería
32,Theda McGuinley,911-252-5363,tmcguinleyv@ifeng.com,Licenciatura en Administración o afines
13,Bobette Hearle,137-131-9234,bhearlec@webnode.com,Licenciatura en Administración o Marketing
57,Skelly Brayford,987-631-5389,sbrayford4@pinterest.com,Licenciatura en Derecho
23,Valerie Martina,701-563-9491,vmartinam@photobucket.com,Ingeniería en Sistemas o Informática
38,Lauritz Flament,291-652-4967,lflament11@home.pl,Ingeniería en Sistemas o afines
10,Fanny Finlay,751-431-2708,ffinlay9@statcounter.com,Licenciatura en Contabilidad
54,Nanete Sainsbury,590-872-4805,nsainsbury1@google.com.au,Ingeniería en Sistemas o Informática
8,Brandi Andreazzi,255-164-5971,bandreazzi7@yandex.ru,Secundaria completa o Técnico Administrativo
60,Hilliary Francisco,411-282-6595,hfrancisco7@biglobe.ne.jp,Ingeniería Industrial o afines
30,Sherline Verrick,652-674-1600,sverrickt@rakuten.co.jp,Ingeniería Industrial o afines
26,Nicolle Putt,394-560-3809,nputtp@redcross.org,Licenciatura en Derecho
37,Isabel Placide,890-387-0771,iplacide10@senate.gov,Licenciatura en Marketing o Administración
6,Brendis McIlroy,606-564-8724,bmcilroy5@nih.gov,Licenciatura en Marketing o Comunicación
22,Lemuel Crannell,829-442-0113,lcrannelll@github.io,Licenciatura en Administración o Ingeniería
40,Marylee Tomasello,174-627-9996,mtomasello13@imgur.com,Licenciatura en Finanzas o Economía
29,Lorenza Dooman,409-278-1807,ldoomans@reuters.com,Ingeniería Industrial o afines
16,Audry Vedyaev,886-802-2217,avedyaevf@tumblr.com,Licenciatura en Finanzas o Administración
1,Hermia Kennewell,636-648-9488,hkennewell0@printfriendly.com,Licenciatura en Marketing o Publicidad
24,Chandal Lerway,140-826-4554,clerwayn@hugedomains.com,Licenciatura en Diseño Gráfico o Comunicación
61,Sly Dodgshon,891-665-8973,sdodgshon8@ca.gov,Ingeniería Industrial o afines
3,Lucita Smitten,268-771-6177,lsmitten2@craigslist.org,Ingeniería en Sistemas o Informática
58,Jamison Fiddy,720-800-0514,jfiddy5@washingtonpost.com,Licenciatura en Comunicación o Eventos
25,Parnell Mundy,294-729-0885,pmundyo@scribd.com,Licenciatura en Finanzas o Administración
20,Giffy Dillicate,561-172-6035,gdillicatej@nasa.gov,Ingeniería en Sistemas o Telecomunicaciones
11,Irv Betteney,705-403-4330,ibetteneya@blogs.com,Licenciatura en Psicología o RRHH
63,Natividad Bramelt,618-863-9524,nbramelta@printfriendly.com,Licenciatura en Marketing o Administración
28,Sheelah McGall,304-296-0722,smcgallr@163.com,Licenciatura en Administración o Comercio
35,Dorolice Frenchum,784-558-1314,dfrenchumy@flickr.com,Ingeniería en Sistemas o Informática
4,Hestia Leyland,539-126-3517,hleyland3@berkeley.edu,Ingeniería en Sistemas o Informática
12,Cesaro Hare,138-353-7956,chareb@mashable.com,Ingeniería en Proyectos
64,Horatio Ballance,405-725-5152,hballanceb@nsw.gov.au,Ingeniería en Sistemas o afines
41,Kore Rickword,506-842-3070,krickword14@ucla.edu,Licenciatura en Administración o Comunicación
2,Brocky Joao,652-786-6032,bjoao1@jalbum.net,Licenciatura en Estadística o Matemáticas
42,Raleigh D' Angelo,423-529-3757,rd15@over-blog.com,Licenciatura en Administración o afines
33,Chris Linbohm,790-489-5566,clinbohmw@redcross.org,Licenciatura en Psicología o Gestión del Talento
53,Marie Gladdifh,317-421-0178,mgladdifh0@moonfruit.com,Licenciatura en Administración o Ingeniería
7,Hyacinth Andover,124-415-7724,handover6@etsy.com,Licenciatura en Administración o afín
14,Jedd Penhaligon,390-902-9399,jpenhaligond@weebly.com,Licenciatura en Marketing o Comunicación
19,Fergus Berrane,675-875-0391,fberranei@wp.com,Licenciatura en Investigación de Mercados
15,Daphene Tallow,338-926-0444,dtallowe@slate.com,Ingeniería en Sistemas o Informática
59,Reider Jeffree,693-661-9152,rjeffree6@google.nl,Licenciatura en Administración o Comercio
56,Belle Yaakov,543-752-4610,byaakov3@about.com,Licenciatura en Finanzas o Administración
17,Orelia Sanger,515-969-3284,osangerg@oracle.com,Licenciatura en Logística o Ingeniería Industrial
55,Forrester Lesser,362-627-9927,flesser2@about.com,Licenciatura en Diseño Gráfico o Comunicación
9,Mel Goolden,208-857-9913,mgoolden8@mashable.com,Licenciatura en Diseño Gráfico